state,year,energy_btu
AK,1960,59303.0
AL,1960,842283.0
AR,1960,417153.0
AZ,1960,273431.0
CA,1960,3360697.0
CO,1960,417013.0
CT,1960,496298.0
DC,1960,115737.0
DE,1960,153726.0
FL,1960,783376.0
GA,1960,681860.0
HI,1960,94640.0
IA,1960,589195.0
ID,1960,181977.0
IL,1960,2470864.0
IN,1960,1503173.0
KS,1960,620381.0
KY,1960,779353.0
LA,1960,1486803.0
MA,1960,1033978.0
MD,1960,683608.0
ME,1960,221342.0
MI,1960,1807087.0
MN,1960,708144.0
MO,1960,882051.0
MS,1960,396572.0
MT,1960,220333.0
NC,1960,799267.0
ND,1960,157619.0
NE,1960,301500.0
NH,1960,107928.0
NJ,1960,1274609.0
NM,1960,323169.0
NV,1960,87617.0
NY,1960,2914062.0
OH,1960,2904700.0
OK,1960,570253.0
OR,1960,448836.0
PA,1960,3191998.0
RI,1960,184099.0
SC,1960,470644.0
SD,1960,126329.0
TN,1960,901868.0
TX,1960,4360558.0
US,1960,43935276.0
UT,1960,297816.0
VA,1960,832709.0
VT,1960,66721.0
WA,1960,765416.0
WI,1960,832218.0
WV,1960,600357.0
WY,1960,140236.0
AK,1961,70020.0
AL,1961,806682.0
AR,1961,423192.0
AZ,1961,294660.0
CA,1961,3513822.0
CO,1961,453816.0
CT,1961,505953.0
DC,1961,113840.0
DE,1961,147678.0
FL,1961,820633.0
GA,1961,686173.0
HI,1961,113578.0
IA,1961,586832.0
ID,1961,193392.0
IL,1961,2504146.0
IN,1961,1522771.0
KS,1961,606876.0
KY,1961,775993.0
LA,1961,1548642.0
MA,1961,1058961.0
MD,1961,685585.0
ME,1961,234232.0
MI,1961,1832569.0
MN,1961,712762.0
MO,1961,880518.0
MS,1961,402528.0
MT,1961,234519.0
NC,1961,830969.0
ND,1961,152928.0
NE,1961,308179.0
NH,1961,115890.0
NJ,1961,1332548.0
NM,1961,334528.0
NV,1961,100725.0
NY,1961,3016727.0
OH,1961,2809331.0
OK,1961,571668.0
OR,1961,462845.0
PA,1961,3083666.0
RI,1961,169743.0
SC,1961,486981.0
SD,1961,128938.0
TN,1961,918819.0
TX,1961,4390700.0
US,1961,44557699.0
UT,1961,295102.0
VA,1961,834806.0
VT,1961,70058.0
WA,1961,781340.0
WI,1961,854807.0
WV,1961,630635.0
WY,1961,153279.0
AK,1962,76642.0
AL,1962,853424.0
AR,1962,446994.0
AZ,1962,313581.0
CA,1962,3623382.0
CO,1962,459822.0
CT,1962,523254.0
DC,1962,115913.0
DE,1962,158977.0
FL,1962,917001.0
GA,1962,742616.0
HI,1962,108141.0
IA,1962,612223.0
ID,1962,201192.0
IL,1962,2595952.0
IN,1962,1549590.0
KS,1962,626981.0
KY,1962,793930.0
LA,1962,1560868.0
MA,1962,1089545.0
MD,1962,732721.0
ME,1962,227233.0
MI,1962,1936398.0
MN,1962,749533.0
MO,1962,919709.0
MS,1962,427940.0
MT,1962,240602.0
NC,1962,871813.0
ND,1962,162869.0
NE,1962,319984.0
NH,1962,123905.0
NJ,1962,1428980.0
NM,1962,369973.0
NV,1962,108573.0
NY,1962,3150784.0
OH,1962,2941625.0
OK,1962,679452.0
OR,1962,485305.0
PA,1962,3188394.0
RI,1962,177427.0
SC,1962,518785.0
SD,1962,133739.0
TN,1962,952585.0
TX,1962,4574179.0
US,1962,46543126.0
UT,1962,304207.0
VA,1962,861694.0
VT,1962,72746.0
WA,1962,815155.0
WI,1962,894005.0
WV,1962,636728.0
WY,1962,171561.0
AK,1963,78488.0
AL,1963,885811.0
AR,1963,474761.0
AZ,1963,337213.0
CA,1963,3825677.0
CO,1963,457373.0
CT,1963,532247.0
DC,1963,116637.0
DE,1963,169737.0
FL,1963,962029.0
GA,1963,781362.0
HI,1963,114103.0
IA,1963,630303.0
ID,1963,203722.0
IL,1963,2660868.0
IN,1963,1604646.0
KS,1963,628491.0
KY,1963,848634.0
LA,1963,1728650.0
MA,1963,1061964.0
MD,1963,759786.0
ME,1963,230263.0
MI,1963,2024571.0
MN,1963,759016.0
MO,1963,934347.0
MS,1963,462800.0
MT,1963,245316.0
NC,1963,899883.0
ND,1963,168646.0
NE,1963,327610.0
NH,1963,129305.0
NJ,1963,1470211.0
NM,1963,364506.0
NV,1963,118670.0
NY,1963,3221952.0
OH,1963,3023875.0
OK,1963,755827.0
OR,1963,504524.0
PA,1963,3326333.0
RI,1963,177326.0
SC,1963,540390.0
SD,1963,137535.0
TN,1963,1002040.0
TX,1963,4826435.0
US,1963,48409682.0
UT,1963,305867.0
VA,1963,917827.0
VT,1963,72658.0
WA,1963,856629.0
WI,1963,917225.0
WV,1963,671815.0
WY,1963,161170.0
AK,1964,82793.0
AL,1964,949411.0
AR,1964,515874.0
AZ,1964,357961.0
CA,1964,4112125.0
CO,1964,488833.0
CT,1964,549692.0
DC,1964,127494.0
DE,1964,169803.0
FL,1964,1013935.0
GA,1964,833715.0
HI,1964,122620.0
IA,1964,654469.0
ID,1964,220220.0
IL,1964,2786619.0
IN,1964,1682470.0
KS,1964,643831.0
KY,1964,851579.0
LA,1964,1846112.0
MA,1964,1097307.0
MD,1964,806747.0
ME,1964,232154.0
MI,1964,2088875.0
MN,1964,798302.0
MO,1964,968096.0
MS,1964,501790.0
MT,1964,256075.0
NC,1964,933233.0
ND,1964,169931.0
NE,1964,339293.0
NH,1964,128888.0
NJ,1964,1505162.0
NM,1964,359398.0
NV,1964,128628.0
NY,1964,3294366.0
OH,1964,3123375.0
OK,1964,789094.0
OR,1964,553155.0
PA,1964,3519260.0
RI,1964,174692.0
SC,1964,538601.0
SD,1964,140792.0
TN,1964,1027256.0
TX,1964,4940057.0
US,1964,50494169.0
UT,1964,328529.0
VA,1964,945535.0
VT,1964,70042.0
WA,1964,914648.0
WI,1964,950639.0
WV,1964,709893.0
WY,1964,161238.0
AK,1965,85319.0
AL,1965,1011125.0
AR,1965,515759.0
AZ,1965,362858.0
CA,1965,4267121.0
CO,1965,498729.0
CT,1965,554317.0
DC,1965,153758.0
DE,1965,180486.0
FL,1965,1071226.0
GA,1965,890335.0
HI,1965,129824.0
IA,1965,680139.0
ID,1965,224114.0
IL,1965,2957154.0
IN,1965,1762170.0
KS,1965,709644.0
KY,1965,861120.0
LA,1965,1810100.0
MA,1965,1220575.0
MD,1965,840691.0
ME,1965,221878.0
MI,1965,2220213.0
MN,1965,845723.0
MO,1965,1019627.0
MS,1965,498462.0
MT,1965,250103.0
NC,1965,964796.0
ND,1965,167116.0
NE,1965,339976.0
NH,1965,126838.0
NJ,1965,1532604.0
NM,1965,347785.0
NV,1965,125061.0
NY,1965,3568359.0
OH,1965,3273340.0
OK,1965,759172.0
OR,1965,564303.0
PA,1965,3655092.0
RI,1965,169622.0
SC,1965,533177.0
SD,1965,136825.0
TN,1965,1073130.0
TX,1965,5130088.0
US,1965,52577565.0
UT,1965,334068.0
VA,1965,1018832.0
VT,1965,80804.0
WA,1965,946205.0
WI,1965,1003599.0
WV,1965,733287.0
WY,1965,169369.0
AK,1966,100481.0
AL,1966,1055347.0
AR,1966,553146.0
AZ,1966,390820.0
CA,1966,4525141.0
CO,1966,521816.0
CT,1966,593831.0
DC,1966,164156.0
DE,1966,188475.0
FL,1966,1138189.0
GA,1966,969858.0
HI,1966,144691.0
IA,1966,683755.0
ID,1966,234465.0
IL,1966,3115310.0
IN,1966,1882381.0
KS,1966,749649.0
KY,1966,870415.0
LA,1966,1949810.0
MA,1966,1223415.0
MD,1966,880371.0
ME,1966,233856.0
MI,1966,2371476.0
MN,1966,902125.0
MO,1966,1076732.0
MS,1966,553102.0
MT,1966,266480.0
NC,1966,1053561.0
ND,1966,178017.0
NE,1966,381090.0
NH,1966,140294.0
NJ,1966,1630216.0
NM,1966,370504.0
NV,1966,139218.0
NY,1966,3772403.0
OH,1966,3449182.0
OK,1966,729559.0
OR,1966,603370.0
PA,1966,3755282.0
RI,1966,171467.0
SC,1966,572958.0
SD,1966,143217.0
TN,1966,1169002.0
TX,1966,5473345.0
US,1966,55573431.0
UT,1966,345393.0
VA,1966,1089208.0
VT,1966,88469.0
WA,1966,1009305.0
WI,1966,1065011.0
WV,1966,752206.0
WY,1966,176810.0
AK,1967,112625.0
AL,1967,1100904.0
AR,1967,581814.0
AZ,1967,400280.0
CA,1967,4703411.0
CO,1967,543833.0
CT,1967,606150.0
DC,1967,176165.0
DE,1967,182891.0
FL,1967,1174126.0
GA,1967,1030780.0
HI,1967,163104.0
IA,1967,730492.0
ID,1967,254143.0
IL,1967,3235878.0
IN,1967,1909401.0
KS,1967,707552.0
KY,1967,916069.0
LA,1967,2207245.0
MA,1967,1298002.0
MD,1967,892165.0
ME,1967,245188.0
MI,1967,2424947.0
MN,1967,906385.0
MO,1967,1103664.0
MS,1967,564500.0
MT,1967,250987.0
NC,1967,1095373.0
ND,1967,181987.0
NE,1967,376563.0
NH,1967,144456.0
NJ,1967,1725549.0
NM,1967,401452.0
NV,1967,144122.0
NY,1967,3849083.0
OH,1967,3441912.0
OK,1967,746296.0
OR,1967,615524.0
PA,1967,3730077.0
RI,1967,189080.0
SC,1967,579648.0
SD,1967,142214.0
TN,1967,1168508.0
TX,1967,5780021.0
US,1967,57335511.0
UT,1967,339353.0
VA,1967,1105033.0
VT,1967,91481.0
WA,1967,1055494.0
WI,1967,1106590.0
WV,1967,717477.0
WY,1967,200843.0
AK,1968,119992.0
AL,1968,1208038.0
AR,1968,620382.0
AZ,1968,442172.0
CA,1968,4979463.0
CO,1968,611043.0
CT,1968,630827.0
DC,1968,175877.0
DE,1968,201693.0
FL,1968,1297961.0
GA,1968,1120406.0
HI,1968,182141.0
IA,1968,764778.0
ID,1968,274456.0
IL,1968,3371320.0
IN,1968,2000493.0
KS,1968,778395.0
KY,1968,975596.0
LA,1968,2390970.0
MA,1968,1345380.0
MD,1968,945236.0
ME,1968,259100.0
MI,1968,2561233.0
MN,1968,967720.0
MO,1968,1182279.0
MS,1968,629570.0
MT,1968,270828.0
NC,1968,1167204.0
ND,1968,188870.0
NE,1968,413164.0
NH,1968,154293.0
NJ,1968,1798696.0
NM,1968,430120.0
NV,1968,157238.0
NY,1968,3949912.0
OH,1968,3609850.0
OK,1968,826054.0
OR,1968,661493.0
PA,1968,3873388.0
RI,1968,193507.0
SC,1968,630476.0
SD,1968,149953.0
TN,1968,1222239.0
TX,1968,6168197.0
US,1968,60820699.0
UT,1968,359857.0
VA,1968,1164157.0
VT,1968,97423.0
WA,1968,1154184.0
WI,1968,1153728.0
WV,1968,785300.0
WY,1968,221358.0
AK,1969,154232.0
AL,1969,1298562.0
AR,1969,664066.0
AZ,1969,481370.0
CA,1969,5206803.0
CO,1969,635561.0
CT,1969,647335.0
DC,1969,188885.0
DE,1969,213604.0
FL,1969,1393446.0
GA,1969,1189279.0
HI,1969,190159.0
IA,1969,802579.0
ID,1969,273043.0
IL,1969,3545323.0
IN,1969,2107983.0
KS,1969,821929.0
KY,1969,1032370.0
LA,1969,2665151.0
MA,1969,1370926.0
MD,1969,996742.0
ME,1969,275865.0
MI,1969,2660550.0
MN,1969,1054849.0
MO,1969,1233036.0
MS,1969,666632.0
MT,1969,302483.0
NC,1969,1230716.0
ND,1969,189103.0
NE,1969,443915.0
NH,1969,170493.0
NJ,1969,1848209.0
NM,1969,422128.0
NV,1969,169732.0
NY,1969,4086229.0
OH,1969,3745443.0
OK,1969,866037.0
OR,1969,699391.0
PA,1969,3885484.0
RI,1969,205740.0
SC,1969,672012.0
SD,1969,156092.0
TN,1969,1272904.0
TX,1969,6536713.0
US,1969,63791447.0
UT,1969,389180.0
VA,1969,1198647.0
VT,1969,102983.0
WA,1969,1230966.0
WI,1969,1214670.0
WV,1969,772288.0
WY,1969,245717.0
AK,1970,179470.0
AL,1970,1349405.0
AR,1970,691896.0
AZ,1970,502886.0
CA,1970,5349033.0
CO,1970,663966.0
CT,1970,673492.0
DC,1970,199069.0
DE,1970,213921.0
FL,1970,1513915.0
GA,1970,1240557.0
HI,1970,196184.0
IA,1970,831027.0
ID,1970,283123.0
IL,1970,3606919.0
IN,1970,2171749.0
KS,1970,856728.0
KY,1970,1065453.0
LA,1970,2799666.0
MA,1970,1432704.0
MD,1970,1039496.0
ME,1970,289310.0
MI,1970,2631714.0
MN,1970,1080497.0
MO,1970,1276655.0
MS,1970,727934.0
MT,1970,311713.0
NC,1970,1291421.0
ND,1970,187555.0
NE,1970,475135.0
NH,1970,180712.0
NJ,1970,1929599.0
NM,1970,451606.0
NV,1970,182916.0
NY,1970,4190449.0
OH,1970,3824828.0
OK,1970,918230.0
OR,1970,719933.0
PA,1970,4011161.0
RI,1970,217567.0
SC,1970,718023.0
SD,1970,164997.0
TN,1970,1299734.0
TX,1970,6800662.0
US,1970,65939114.0
UT,1970,390387.0
VA,1970,1241013.0
VT,1970,109479.0
WA,1970,1232959.0
WI,1970,1255789.0
WV,1970,772652.0
WY,1970,251486.0
AK,1971,198395.0
AL,1971,1338719.0
AR,1971,682389.0
AZ,1971,534558.0
CA,1971,5585821.0
CO,1971,676838.0
CT,1971,660770.0
DC,1971,192227.0
DE,1971,216325.0
FL,1971,1603057.0
GA,1971,1305275.0
HI,1971,211042.0
IA,1971,841352.0
ID,1971,297493.0
IL,1971,3626688.0
IN,1971,2184587.0
KS,1971,889706.0
KY,1971,1074826.0
LA,1971,2856667.0
MA,1971,1459375.0
MD,1971,1073435.0
ME,1971,340995.0
MI,1971,2720909.0
MN,1971,1119593.0
MO,1971,1291913.0
MS,1971,765301.0
MT,1971,322501.0
NC,1971,1347835.0
ND,1971,191459.0
NE,1971,482962.0
NH,1971,194757.0
NJ,1971,1919350.0
NM,1971,461632.0
NV,1971,193870.0
NY,1971,4133363.0
OH,1971,3756896.0
OK,1971,942838.0
OR,1971,761404.0
PA,1971,3943812.0
RI,1971,230069.0
SC,1971,749231.0
SD,1971,166139.0
TN,1971,1304583.0
TX,1971,7100513.0
US,1971,67255613.0
UT,1971,408040.0
VA,1971,1281610.0
VT,1971,112832.0
WA,1971,1257977.0
WI,1971,1257505.0
WV,1971,755096.0
WY,1971,264193.0
AK,1972,211964.0
AL,1972,1430589.0
AR,1972,725860.0
AZ,1972,595492.0
CA,1972,5709669.0
CO,1972,740855.0
CT,1972,695699.0
DC,1972,181958.0
DE,1972,226448.0
FL,1972,1730274.0
GA,1972,1391743.0
HI,1972,217426.0
IA,1972,883091.0
ID,1972,319731.0
IL,1972,3833254.0
IN,1972,2383665.0
KS,1972,942729.0
KY,1972,1157521.0
LA,1972,3040208.0
MA,1972,1511923.0
MD,1972,1092444.0
ME,1972,367249.0
MI,1972,2892779.0
MN,1972,1180510.0
MO,1972,1349056.0
MS,1972,809594.0
MT,1972,331660.0
NC,1972,1424361.0
ND,1972,199729.0
NE,1972,497611.0
NH,1972,205749.0
NJ,1972,2029139.0
NM,1972,493785.0
NV,1972,209569.0
NY,1972,4155515.0
OH,1972,4008084.0
OK,1972,994638.0
OR,1972,803933.0
PA,1972,4087324.0
RI,1972,231335.0
SC,1972,801954.0
SD,1972,175091.0
TN,1972,1407370.0
TX,1972,7484526.0
US,1972,70744691.0
UT,1972,420848.0
VA,1972,1334357.0
VT,1972,119600.0
WA,1972,1393380.0
WI,1972,1252105.0
WV,1972,804673.0
WY,1972,282588.0
AK,1973,194968.0
AL,1973,1479232.0
AR,1973,801202.0
AZ,1973,648638.0
CA,1973,5890331.0
CO,1973,786248.0
CT,1973,721282.0
DC,1973,186586.0
DE,1973,240308.0
FL,1973,1917545.0
GA,1973,1510176.0
HI,1973,223651.0
IA,1973,941425.0
ID,1973,323593.0
IL,1973,3922291.0
IN,1973,2421144.0
KS,1973,947894.0
KY,1973,1191967.0
LA,1973,3274473.0
MA,1973,1546784.0
MD,1973,1183548.0
ME,1973,365405.0
MI,1973,2982355.0
MN,1973,1228840.0
MO,1973,1384669.0
MS,1973,826443.0
MT,1973,338463.0
NC,1973,1493355.0
ND,1973,198105.0
NE,1973,510150.0
NH,1973,209977.0
NJ,1973,2071090.0
NM,1973,469880.0
NV,1973,225133.0
NY,1973,4305711.0
OH,1973,4098228.0
OK,1973,999851.0
OR,1973,821882.0
PA,1973,4193580.0
RI,1973,226512.0
SC,1973,852344.0
SD,1973,172844.0
TN,1973,1544553.0
TX,1973,8104240.0
US,1973,73788463.0
UT,1973,450046.0
VA,1973,1392677.0
VT,1973,122307.0
WA,1973,1434372.0
WI,1973,1318780.0
WV,1973,821736.0
WY,1973,279112.0
AK,1974,199194.0
AL,1974,1493276.0
AR,1974,777116.0
AZ,1974,650824.0
CA,1974,5651469.0
CO,1974,768388.0
CT,1974,690428.0
DC,1974,164342.0
DE,1974,222261.0
FL,1974,1842485.0
GA,1974,1445621.0
HI,1974,211458.0
IA,1974,925213.0
ID,1974,331607.0
IL,1974,3848522.0
IN,1974,2371441.0
KS,1974,938726.0
KY,1974,1178145.0
LA,1974,3359124.0
MA,1974,1437544.0
MD,1974,1089368.0
ME,1974,340255.0
MI,1974,2832773.0
MN,1974,1205489.0
MO,1974,1361033.0
MS,1974,793510.0
MT,1974,340442.0
NC,1974,1437788.0
ND,1974,199613.0
NE,1974,504806.0
NH,1974,199251.0
NJ,1974,1926195.0
NM,1974,467620.0
NV,1974,224082.0
NY,1974,4005848.0
OH,1974,4064582.0
OK,1974,1035404.0
OR,1974,798882.0
PA,1974,4011866.0
RI,1974,209842.0
SC,1974,821219.0
SD,1974,168036.0
TN,1974,1500823.0
TX,1974,7935781.0
US,1974,71758674.0
UT,1974,464636.0
VA,1974,1334947.0
VT,1974,112344.0
WA,1974,1418747.0
WI,1974,1301845.0
WV,1974,814750.0
WY,1974,273615.0
AK,1975,229676.0
AL,1975,1465789.0
AR,1975,763584.0
AZ,1975,634126.0
CA,1975,5852102.0
CO,1975,765161.0
CT,1975,666939.0
DC,1975,156103.0
DE,1975,212526.0
FL,1975,1853431.0
GA,1975,1438784.0
HI,1975,213754.0
IA,1975,917581.0
ID,1975,343621.0
IL,1975,3756882.0
IN,1975,2314295.0
KS,1975,903571.0
KY,1975,1221092.0
LA,1975,3063639.0
MA,1975,1383944.0
MD,1975,1036139.0
ME,1975,310880.0
MI,1975,2786536.0
MN,1975,1212678.0
MO,1975,1372275.0
MS,1975,748989.0
MT,1975,334512.0
NC,1975,1395969.0
ND,1975,201994.0
NE,1975,511589.0
NH,1975,194707.0
NJ,1975,1831450.0
NM,1975,451285.0
NV,1975,228785.0
NY,1975,3807220.0
OH,1975,3853767.0
OK,1975,1041759.0
OR,1975,826807.0
PA,1975,3807038.0
RI,1975,200800.0
SC,1975,804343.0
SD,1975,176753.0
TN,1975,1530956.0
TX,1975,7353715.0
US,1975,69810078.0
UT,1975,471087.0
VA,1975,1310844.0
VT,1975,110238.0
WA,1975,1387483.0
WI,1975,1301982.0
WV,1975,765574.0
WY,1975,271784.0
AK,1976,251979.0
AL,1976,1503723.0
AR,1976,818585.0
AZ,1976,667849.0
CA,1976,6017642.0
CO,1976,800732.0
CT,1976,721053.0
DC,1976,157938.0
DE,1976,223383.0
FL,1976,1982044.0
GA,1976,1504233.0
HI,1976,219397.0
IA,1976,956316.0
ID,1976,347893.0
IL,1976,3924044.0
IN,1976,2349341.0
KS,1976,952921.0
KY,1976,1344030.0
LA,1976,3492740.0
MA,1976,1464965.0
MD,1976,1115751.0
ME,1976,365850.0
MI,1976,2907725.0
MN,1976,1262619.0
MO,1976,1434811.0
MS,1976,757338.0
MT,1976,354415.0
NC,1976,1499019.0
ND,1976,206149.0
NE,1976,541770.0
NH,1976,219987.0
NJ,1976,2021898.0
NM,1976,501068.0
NV,1976,241868.0
NY,1976,4116948.0
OH,1976,4087540.0
OK,1976,1136324.0
OR,1976,847915.0
PA,1976,4064560.0
RI,1976,210284.0
SC,1976,929387.0
SD,1976,190485.0
TN,1976,1641347.0
TX,1976,7688266.0
US,1976,73944199.0
UT,1976,501641.0
VA,1976,1397442.0
VT,1976,127498.0
WA,1976,1439846.0
WI,1976,1335863.0
WV,1976,802869.0
WY,1976,295007.0
AK,1977,289893.0
AL,1977,1584720.0
AR,1977,867684.0
AZ,1977,720003.0
CA,1977,6232973.0
CO,1977,820659.0
CT,1977,731889.0
DC,1977,158285.0
DE,1977,223234.0
FL,1977,2153266.0
GA,1977,1589996.0
HI,1977,232732.0
IA,1977,961845.0
ID,1977,355486.0
IL,1977,4024163.0
IN,1977,2437182.0
KS,1977,965754.0
KY,1977,1370843.0
LA,1977,3900298.0
MA,1977,1460758.0
MD,1977,1104355.0
ME,1977,383377.0
MI,1977,2813992.0
MN,1977,1233709.0
MO,1977,1476138.0
MS,1977,801880.0
MT,1977,353003.0
NC,1977,1586305.0
ND,1977,206944.0
NE,1977,546830.0
NH,1977,224652.0
NJ,1977,1968184.0
NM,1977,467093.0
NV,1977,250217.0
NY,1977,4111550.0
OH,1977,4101157.0
OK,1977,1203198.0
OR,1977,857121.0
PA,1977,4049871.0
RI,1977,219239.0
SC,1977,972082.0
SD,1977,193013.0
TN,1977,1718508.0
TX,1977,8351949.0
US,1977,76351470.0
UT,1977,478962.0
VA,1977,1450021.0
VT,1977,126197.0
WA,1977,1475954.0
WI,1977,1408203.0
WV,1977,800616.0
WY,1977,320906.0
AK,1978,320731.0
AL,1978,1589735.0
AR,1978,863565.0
AZ,1978,724401.0
CA,1978,6313568.0
CO,1978,831741.0
CT,1978,748555.0
DC,1978,153934.0
DE,1978,220704.0
FL,1978,2244444.0
GA,1978,1634584.0
HI,1978,236388.0
IA,1978,938650.0
ID,1978,357228.0
IL,1978,4103957.0
IN,1978,2477026.0
KS,1978,1017039.0
KY,1978,1351921.0
LA,1978,4047994.0
MA,1978,1439688.0
MD,1978,1122939.0
ME,1978,370296.0
MI,1978,2869501.0
MN,1978,1318580.0
MO,1978,1517527.0
MS,1978,827464.0
MT,1978,372821.0
NC,1978,1606288.0
ND,1978,225184.0
NE,1978,543846.0
NH,1978,226432.0
NJ,1978,1973434.0
NM,1978,467297.0
NV,1978,273496.0
NY,1978,4093007.0
OH,1978,4159091.0
OK,1978,1238677.0
OR,1978,915806.0
PA,1978,4032978.0
RI,1978,207772.0
SC,1978,959296.0
SD,1978,200780.0
TN,1978,1692164.0
TX,1978,8780868.0
US,1978,77987575.0
UT,1978,501158.0
VA,1978,1470097.0
VT,1978,130588.0
WA,1978,1551259.0
WI,1978,1464421.0
WV,1978,785151.0
WY,1978,348783.0
AK,1979,296592.0
AL,1979,1600732.0
AR,1979,849130.0
AZ,1979,761540.0
CA,1979,6565989.0
CO,1979,836818.0
CT,1979,735534.0
DC,1979,146139.0
DE,1979,239047.0
FL,1979,2339943.0
GA,1979,1682673.0
HI,1979,255980.0
IA,1979,1015722.0
ID,1979,370680.0
IL,1979,3956004.0
IN,1979,2527022.0
KS,1979,1112522.0
KY,1979,1384575.0
LA,1979,3996684.0
MA,1979,1276603.0
MD,1979,1187270.0
ME,1979,348846.0
MI,1979,2852154.0
MN,1979,1317715.0
MO,1979,1491649.0
MS,1979,856438.0
MT,1979,386570.0
NC,1979,1671887.0
ND,1979,233000.0
NE,1979,532397.0
NH,1979,203952.0
NJ,1979,1986355.0
NM,1979,472433.0
NV,1979,286643.0
NY,1979,3871143.0
OH,1979,4146177.0
OK,1979,1294922.0
OR,1979,940450.0
PA,1979,4153792.0
RI,1979,196506.0
SC,1979,950123.0
SD,1979,199907.0
TN,1979,1730672.0
TX,1979,9148063.0
US,1979,78844092.0
UT,1979,516471.0
VA,1979,1523603.0
VT,1979,127700.0
WA,1979,1601513.0
WI,1979,1432035.0
WV,1979,799019.0
WY,1979,371915.0
AK,1980,291985.0
AL,1980,1597446.0
AR,1980,834372.0
AZ,1980,729272.0
CA,1980,6383232.0
CO,1980,818498.0
CT,1980,708289.0
DC,1980,146689.0
DE,1980,236880.0
FL,1980,2426745.0
GA,1980,1668806.0
HI,1980,261744.0
IA,1980,959968.0
ID,1980,334792.0
IL,1980,3677167.0
IN,1980,2343506.0
KS,1980,1001634.0
KY,1980,1321263.0
LA,1980,3859310.0
MA,1980,1215036.0
MD,1980,1124055.0
ME,1980,367076.0
MI,1980,2758218.0
MN,1980,1192251.0
MO,1980,1382603.0
MS,1980,812052.0
MT,1980,350058.0
NC,1980,1607409.0
ND,1980,217515.0
NE,1980,494171.0
NH,1980,201554.0
NJ,1980,1995676.0
NM,1980,472378.0
NV,1980,281546.0
NY,1980,3762828.0
OH,1980,3845609.0
OK,1980,1184801.0
OR,1980,909316.0
PA,1980,3902697.0
RI,1980,180800.0
SC,1980,962593.0
SD,1980,185695.0
TN,1980,1656048.0
TX,1980,9217160.0
US,1980,76064555.0
UT,1980,494529.0
VA,1980,1485275.0
VT,1980,121597.0
WA,1980,1570553.0
WI,1980,1427550.0
WV,1980,763814.0
WY,1980,355525.0
AK,1981,275504.0
AL,1981,1560204.0
AR,1981,801407.0
AZ,1981,762578.0
CA,1981,6183021.0
CO,1981,795488.0
CT,1981,676092.0
DC,1981,143116.0
DE,1981,190684.0
FL,1981,2400474.0
GA,1981,1648041.0
HI,1981,236151.0
IA,1981,945569.0
ID,1981,347367.0
IL,1981,3463727.0
IN,1981,2306266.0
KS,1981,927844.0
KY,1981,1253701.0
LA,1981,3911456.0
MA,1981,1185369.0
MD,1981,1109788.0
ME,1981,366431.0
MI,1981,2611653.0
MN,1981,1145104.0
MO,1981,1327220.0
MS,1981,797416.0
MT,1981,327595.0
NC,1981,1572321.0
ND,1981,231283.0
NE,1981,465352.0
NH,1981,193876.0
NJ,1981,1982663.0
NM,1981,464979.0
NV,1981,277180.0
NY,1981,3577832.0
OH,1981,3749271.0
OK,1981,1218882.0
OR,1981,905885.0
PA,1981,3721527.0
RI,1981,170799.0
SC,1981,967265.0
SD,1981,174195.0
TN,1981,1630754.0
TX,1981,8985609.0
US,1981,74195857.0
UT,1981,467798.0
VA,1981,1469642.0
VT,1981,116913.0
WA,1981,1690429.0
WI,1981,1386192.0
WV,1981,745647.0
WY,1981,346244.0
AK,1982,405103.0
AL,1982,1450995.0
AR,1982,768781.0
AZ,1982,717832.0
CA,1982,5899763.0
CO,1982,807902.0
CT,1982,673204.0
DC,1982,156109.0
DE,1982,181170.0
FL,1982,2303770.0
GA,1982,1623407.0
HI,1982,217460.0
IA,1982,941125.0
ID,1982,333178.0
IL,1982,3295717.0
IN,1982,2114799.0
KS,1982,921758.0
KY,1982,1212027.0
LA,1982,3577091.0
MA,1982,1197842.0
MD,1982,1064981.0
ME,1982,410302.0
MI,1982,2454460.0
MN,1982,1150235.0
MO,1982,1317373.0
MS,1982,789869.0
MT,1982,306076.0
NC,1982,1525783.0
ND,1982,228322.0
NE,1982,477177.0
NH,1982,193836.0
NJ,1982,2013148.0
NM,1982,455822.0
NV,1982,278926.0
NY,1982,3415363.0
OH,1982,3399416.0
OK,1982,1280027.0
OR,1982,868760.0
PA,1982,3262803.0
RI,1982,169678.0
SC,1982,929981.0
SD,1982,185559.0
TN,1982,1541882.0
TX,1982,8273319.0
US,1982,70772226.0
UT,1982,454466.0
VA,1982,1446464.0
VT,1982,110606.0
WA,1982,1586643.0
WI,1982,1362563.0
WV,1982,686216.0
WY,1982,354790.0
AK,1983,433409.0
AL,1983,1395242.0
AR,1983,770586.0
AZ,1983,726638.0
CA,1983,5907152.0
CO,1983,804336.0
CT,1983,662588.0
DC,1983,154037.0
DE,1983,191692.0
FL,1983,2349196.0
GA,1983,1688045.0
HI,1983,220552.0
IA,1983,921964.0
ID,1983,327933.0
IL,1983,3363793.0
IN,1983,2128513.0
KS,1983,891881.0
KY,1983,1223762.0
LA,1983,3369520.0
MA,1983,1191163.0
MD,1983,1079271.0
ME,1983,374088.0
MI,1983,2442953.0
MN,1983,1149001.0
MO,1983,1314353.0
MS,1983,793376.0
MT,1983,312450.0
NC,1983,1594752.0
ND,1983,224044.0
NE,1983,486000.0
NH,1983,196403.0
NJ,1983,2030471.0
NM,1983,462862.0
NV,1983,288937.0
NY,1983,3229532.0
OH,1983,3324778.0
OK,1983,1275509.0
OR,1983,830013.0
PA,1983,3268853.0
RI,1983,175193.0
SC,1983,959336.0
SD,1983,179181.0
TN,1983,1582505.0
TX,1983,8192171.0
US,1983,70452934.0
UT,1983,477021.0
VA,1983,1498929.0
VT,1983,118391.0
WA,1983,1538460.0
WI,1983,1374286.0
WV,1983,653467.0
WY,1983,319981.0
AK,1984,478019.0
AL,1984,1493906.0
AR,1984,774080.0
AZ,1984,772368.0
CA,1984,6351329.0
CO,1984,841649.0
CT,1984,691613.0
DC,1984,158980.0
DE,1984,214173.0
FL,1984,2446324.0
GA,1984,1813511.0
HI,1984,231705.0
IA,1984,910783.0
ID,1984,330482.0
IL,1984,3401645.0
IN,1984,2210675.0
KS,1984,993087.0
KY,1984,1322041.0
LA,1984,3513860.0
MA,1984,1254053.0
MD,1984,1153479.0
ME,1984,401679.0
MI,1984,2522093.0
MN,1984,1211934.0
MO,1984,1336767.0
MS,1984,833356.0
MT,1984,345422.0
NC,1984,1727564.0
ND,1984,252723.0
NE,1984,490603.0
NH,1984,216320.0
NJ,1984,2131621.0
NM,1984,463457.0
NV,1984,289442.0
NY,1984,3288883.0
OH,1984,3523339.0
OK,1984,1286192.0
OR,1984,897725.0
PA,1984,3501839.0
RI,1984,186785.0
SC,1984,1023171.0
SD,1984,182857.0
TN,1984,1664445.0
TX,1984,8735160.0
US,1984,74177235.0
UT,1984,491118.0
VA,1984,1580295.0
VT,1984,128061.0
WA,1984,1644647.0
WI,1984,1440496.0
WV,1984,691602.0
WY,1984,341363.0
AK,1985,469166.0
AL,1985,1475311.0
AR,1985,768517.0
AZ,1985,813921.0
CA,1985,6439167.0
CO,1985,846243.0
CT,1985,702339.0
DC,1985,158697.0
DE,1985,209389.0
FL,1985,2601036.0
GA,1985,1874526.0
HI,1985,247820.0
IA,1985,875272.0
ID,1985,340363.0
IL,1985,3346836.0
IN,1985,2245045.0
KS,1985,990991.0
KY,1985,1285182.0
LA,1985,3286756.0
MA,1985,1279641.0
MD,1985,1125401.0
ME,1985,407955.0
MI,1985,2568068.0
MN,1985,1223172.0
MO,1985,1365000.0
MS,1985,814503.0
MT,1985,358129.0
NC,1985,1733345.0
ND,1985,294248.0
NE,1985,486078.0
NH,1985,225858.0
NJ,1985,2089931.0
NM,1985,455983.0
NV,1985,292696.0
NY,1985,3407622.0
OH,1985,3512900.0
OK,1985,1265482.0
OR,1985,882005.0
PA,1985,3345824.0
RI,1985,199491.0
SC,1985,1035203.0
SD,1985,189618.0
TN,1985,1650687.0
TX,1985,8824053.0
US,1985,74340863.0
UT,1985,488948.0
VA,1985,1619492.0
VT,1985,130508.0
WA,1985,1656516.0
WI,1985,1459152.0
WV,1985,642175.0
WY,1985,348098.0
AK,1986,498563.0
AL,1986,1458334.0
AR,1986,739016.0
AZ,1986,822415.0
CA,1986,6335080.0
CO,1986,835101.0
CT,1986,717725.0
DC,1986,167001.0
DE,1986,210957.0
FL,1986,2677412.0
GA,1986,1891913.0
HI,1986,244655.0
IA,1986,878360.0
ID,1986,327985.0
IL,1986,3325624.0
IN,1986,2204836.0
KS,1986,952845.0
KY,1986,1260043.0
LA,1986,3447675.0
MA,1986,1346945.0
MD,1986,1144837.0
ME,1986,428362.0
MI,1986,2582748.0
MN,1986,1210175.0
MO,1986,1364511.0
MS,1986,822593.0
MT,1986,340169.0
NC,1986,1810587.0
ND,1986,297764.0
NE,1986,468296.0
NH,1986,244164.0
NJ,1986,2150686.0
NM,1986,444217.0
NV,1986,292872.0
NY,1986,3450061.0
OH,1986,3480380.0
OK,1986,1171141.0
OR,1986,863838.0
PA,1986,3286424.0
RI,1986,201135.0
SC,1986,1097582.0
SD,1986,189724.0
TN,1986,1639259.0
TX,1986,8816504.0
US,1986,74451441.0
UT,1986,459147.0
VA,1986,1700064.0
VT,1986,124431.0
WA,1986,1690106.0
WI,1986,1381904.0
WV,1986,645031.0
WY,1986,327001.0
AK,1987,493105.0
AL,1987,1541794.0
AR,1987,718177.0
AZ,1987,838472.0
CA,1987,6795178.0
CO,1987,845282.0
CT,1987,744352.0
DC,1987,167535.0
DE,1987,222263.0
FL,1987,2779486.0
GA,1987,1995372.0
HI,1987,248796.0
IA,1987,886824.0
ID,1987,333521.0
IL,1987,3393980.0
IN,1987,2330405.0
KS,1987,997525.0
KY,1987,1303513.0
LA,1987,3520246.0
MA,1987,1372951.0
MD,1987,1215720.0
ME,1987,418390.0
MI,1987,2580011.0
MN,1987,1219310.0
MO,1987,1393615.0
MS,1987,848586.0
MT,1987,320003.0
NC,1987,1904817.0
ND,1987,298035.0
NE,1987,483697.0
NH,1987,265948.0
NJ,1987,2232310.0
NM,1987,476333.0
NV,1987,321094.0
NY,1987,3568406.0
OH,1987,3611227.0
OK,1987,1229995.0
OR,1987,912212.0
PA,1987,3472305.0
RI,1987,211443.0
SC,1987,1139526.0
SD,1987,190735.0
TN,1987,1660819.0
TX,1987,9079399.0
US,1987,77112925.0
UT,1987,452427.0
VA,1987,1797316.0
VT,1987,133973.0
WA,1987,1752210.0
WI,1987,1368835.0
WV,1987,660813.0
WY,1987,356005.0
AK,1988,514932.0
AL,1988,1616129.0
AR,1988,801908.0
AZ,1988,881963.0
CA,1988,7018321.0
CO,1988,881005.0
CT,1988,778584.0
DC,1988,169107.0
DE,1988,229414.0
FL,1988,2960574.0
GA,1988,2091376.0
HI,1988,289021.0
IA,1988,960660.0
ID,1988,354967.0
IL,1988,3633357.0
IN,1988,2439515.0
KS,1988,1053533.0
KY,1988,1385250.0
LA,1988,3564281.0
MA,1988,1398947.0
MD,1988,1258601.0
ME,1988,470989.0
MI,1988,2759585.0
MN,1988,1325608.0
MO,1988,1467533.0
MS,1988,900034.0
MT,1988,333710.0
NC,1988,1991109.0
ND,1988,302110.0
NE,1988,524318.0
NH,1988,266934.0
NJ,1988,2255080.0
NM,1988,502383.0
NV,1988,344745.0
NY,1988,3668613.0
OH,1988,3760180.0
OK,1988,1267959.0
OR,1988,966215.0
PA,1988,3643313.0
RI,1988,219388.0
SC,1988,1201940.0
SD,1988,201296.0
TN,1988,1731416.0
TX,1988,9671414.0
US,1988,81077213.0
UT,1988,517229.0
VA,1988,1877896.0
VT,1988,141384.0
WA,1988,1893773.0
WI,1988,1478397.0
WV,1988,707825.0
WY,1988,363842.0
AK,1989,570067.0
AL,1989,1638956.0
AR,1989,863033.0
AZ,1989,912149.0
CA,1989,7265036.0
CO,1989,892223.0
CT,1989,790516.0
DC,1989,173198.0
DE,1989,235488.0
FL,1989,3143302.0
GA,1989,2160879.0
HI,1989,309045.0
IA,1989,918981.0
ID,1989,386190.0
IL,1989,3536169.0
IN,1989,2461663.0
KS,1989,1023345.0
KY,1989,1464594.0
LA,1989,3712321.0
MA,1989,1424934.0
MD,1989,1283006.0
ME,1989,461237.0
MI,1989,2782516.0
MN,1989,1356678.0
MO,1989,1471793.0
MS,1989,936818.0
MT,1989,341882.0
NC,1989,1997506.0
ND,1989,313743.0
NE,1989,520576.0
NH,1989,264689.0
NJ,1989,2306618.0
NM,1989,524849.0
NV,1989,377634.0
NY,1989,3672818.0
OH,1989,3846114.0
OK,1989,1296947.0
OR,1989,967840.0
PA,1989,3652258.0
RI,1989,212031.0
SC,1989,1202893.0
SD,1989,209498.0
TN,1989,1772389.0
TX,1989,9919203.0
US,1989,82703379.0
UT,1989,526248.0
VA,1989,1909264.0
VT,1989,138924.0
WA,1989,1945568.0
WI,1989,1478803.0
WV,1989,727047.0
WY,1989,373500.0
AK,1990,577270.0
AL,1990,1599432.0
AR,1990,829674.0
AZ,1990,912983.0
CA,1990,7120826.0
CO,1990,933527.0
CT,1990,772489.0
DC,1990,180636.0
DE,1990,251171.0
FL,1990,3275218.0
GA,1990,2188433.0
HI,1990,320661.0
IA,1990,941873.0
ID,1990,340787.0
IL,1990,3611525.0
IN,1990,2486534.0
KS,1990,1074330.0
KY,1990,1469560.0
LA,1990,3699880.0
MA,1990,1405515.0
MD,1990,1251922.0
ME,1990,408073.0
MI,1990,2853863.0
MN,1990,1399749.0
MO,1990,1490887.0
MS,1990,1015128.0
MT,1990,310458.0
NC,1990,2009568.0
ND,1990,309734.0
NE,1990,526493.0
NH,1990,256611.0
NJ,1990,2249404.0
NM,1990,596714.0
NV,1990,394592.0
NY,1990,3568067.0
OH,1990,3807991.0
OK,1990,1373988.0
OR,1990,724030.0
PA,1990,3632889.0
RI,1990,212245.0
SC,1990,1250119.0
SD,1990,192425.0
TN,1990,1730495.0
TX,1990,10079993.0
US,1990,82277974.0
UT,1990,535789.0
VA,1990,1947533.0
VT,1990,120223.0
WA,1990,1469535.0
WI,1990,1468337.0
WV,1990,696077.0
WY,1990,397940.0
AK,1991,596366.0
AL,1991,1618216.0
AR,1991,818074.0
AZ,1991,923446.0
CA,1991,7011231.0
CO,1991,980904.0
CT,1991,772348.0
DC,1991,186181.0
DE,1991,254456.0
FL,1991,3236549.0
GA,1991,2176941.0
HI,1991,294400.0
IA,1991,978008.0
ID,1991,350770.0
IL,1991,3677262.0
IN,1991,2468749.0
KS,1991,1070386.0
KY,1991,1491458.0
LA,1991,3703937.0
MA,1991,1365471.0
MD,1991,1256583.0
ME,1991,414907.0
MI,1991,2789697.0
MN,1991,1423114.0
MO,1991,1531142.0
MS,1991,1037042.0
MT,1991,313553.0
NC,1991,2005519.0
ND,1991,319574.0
NE,1991,536262.0
NH,1991,246331.0
NJ,1991,2277391.0
NM,1991,589783.0
NV,1991,402012.0
NY,1991,3508914.0
OH,1991,3806874.0
OK,1991,1309387.0
OR,1991,737561.0
PA,1991,3574762.0
RI,1991,218425.0
SC,1991,1275640.0
SD,1991,189426.0
TN,1991,1722162.0
TX,1991,10080020.0
US,1991,82212657.0
UT,1991,564864.0
VA,1991,1953955.0
VT,1991,128363.0
WA,1991,1455784.0
WI,1991,1505945.0
WV,1991,666303.0
WY,1991,386520.0
AK,1992,620875.0
AL,1992,1691870.0
AR,1992,847533.0
AZ,1992,954555.0
CA,1992,7020561.0
CO,1992,984390.0
CT,1992,807110.0
DC,1992,187410.0
DE,1992,260364.0
FL,1992,3306983.0
GA,1992,2217975.0
HI,1992,305433.0
IA,1992,968775.0
ID,1992,371064.0
IL,1992,3649626.0
IN,1992,2456593.0
KS,1992,1057319.0
KY,1992,1556815.0
LA,1992,3813285.0
MA,1992,1433608.0
MD,1992,1246381.0
ME,1992,429331.0
MI,1992,2837833.0
MN,1992,1432163.0
MO,1992,1520209.0
MS,1992,1062132.0
MT,1992,318520.0
NC,1992,2100066.0
ND,1992,326186.0
NE,1992,525031.0
NH,1992,255293.0
NJ,1992,2362094.0
NM,1992,586608.0
NV,1992,417828.0
NY,1992,3588577.0
OH,1992,3853846.0
OK,1992,1318460.0
OR,1992,797636.0
PA,1992,3672203.0
RI,1992,245916.0
SC,1992,1291013.0
SD,1992,194272.0
TN,1992,1775827.0
TX,1992,10236320.0
US,1992,83842847.0
UT,1992,551440.0
VA,1992,1982330.0
VT,1992,134610.0
WA,1992,1629613.0
WI,1992,1505076.0
WV,1992,679096.0
WY,1992,420166.0
AK,1993,614626.0
AL,1993,1744734.0
AR,1993,912973.0
AZ,1993,968200.0
CA,1993,6715658.0
CO,1993,1048764.0
CT,1993,793436.0
DC,1993,194596.0
DE,1993,265800.0
FL,1993,3338698.0
GA,1993,2373461.0
HI,1993,281060.0
IA,1993,1033373.0
ID,1993,366600.0
IL,1993,3752683.0
IN,1993,2566462.0
KS,1993,1085811.0
KY,1993,1599201.0
LA,1993,3875810.0
MA,1993,1435011.0
MD,1993,1298604.0
ME,1993,433680.0
MI,1993,2836830.0
MN,1993,1476438.0
MO,1993,1619168.0
MS,1993,1071986.0
MT,1993,329278.0
NC,1993,2194539.0
ND,1993,329622.0
NE,1993,553948.0
NH,1993,255507.0
NJ,1993,2372788.0
NM,1993,601669.0
NV,1993,439144.0
NY,1993,3604951.0
OH,1993,3904883.0
OK,1993,1371540.0
OR,1993,788803.0
PA,1993,3743720.0
RI,1993,202097.0
SC,1993,1351188.0
SD,1993,214317.0
TN,1993,1815778.0
TX,1993,10339357.0
US,1993,85220279.0
UT,1993,575833.0
VA,1993,2056463.0
VT,1993,132284.0
WA,1993,1636746.0
WI,1993,1567464.0
WV,1993,702357.0
WY,1993,405233.0
AK,1994,613753.0
AL,1994,1822330.0
AR,1994,951014.0
AZ,1994,1020281.0
CA,1994,6974865.0
CO,1994,1053680.0
CT,1994,796851.0
DC,1994,189663.0
DE,1994,261025.0
FL,1994,3458320.0
GA,1994,2395160.0
HI,1994,296649.0
IA,1994,1062480.0
ID,1994,393148.0
IL,1994,3772943.0
IN,1994,2553094.0
KS,1994,1111782.0
KY,1994,1645098.0
LA,1994,4014247.0
MA,1994,1440816.0
MD,1994,1304324.0
ME,1994,443192.0
MI,1994,2860192.0
MN,1994,1512190.0
MO,1994,1643126.0
MS,1994,1089406.0
MT,1994,340383.0
NC,1994,2189090.0
ND,1994,338628.0
NE,1994,576203.0
NH,1994,257447.0
NJ,1994,2482511.0
NM,1994,590170.0
NV,1994,478446.0
NY,1994,3557921.0
OH,1994,4011173.0
OK,1994,1386250.0
OR,1994,834131.0
PA,1994,3815840.0
RI,1994,240772.0
SC,1994,1350728.0
SD,1994,204684.0
TN,1994,1845442.0
TX,1994,10653346.0
US,1994,87080163.0
UT,1994,586381.0
VA,1994,2081090.0
VT,1994,132305.0
WA,1994,1639485.0
WI,1994,1614589.0
WV,1994,728995.0
WY,1994,406194.0
AK,1995,694594.0
AL,1995,1907458.0
AR,1995,1002777.0
AZ,1995,1051644.0
CA,1995,6837236.0
CO,1995,1075533.0
CT,1995,779891.0
DC,1995,191627.0
DE,1995,262221.0
FL,1995,3604864.0
GA,1995,2578340.0
HI,1995,294338.0
IA,1995,1100958.0
ID,1995,386129.0
IL,1995,3885782.0
IN,1995,2618357.0
KS,1995,1078330.0
KY,1995,1719009.0
LA,1995,4058533.0
MA,1995,1425706.0
MD,1995,1324983.0
ME,1995,409737.0
MI,1995,2989872.0
MN,1995,1601592.0
MO,1995,1702651.0
MS,1995,1114962.0
MT,1995,350916.0
NC,1995,2318862.0
ND,1995,345525.0
NE,1995,604571.0
NH,1995,261569.0
NJ,1995,2474928.0
NM,1995,581611.0
NV,1995,491511.0
NY,1995,3609870.0
OH,1995,4091597.0
OK,1995,1359274.0
OR,1995,776033.0
PA,1995,3878039.0
RI,1995,229566.0
SC,1995,1405544.0
SD,1995,204588.0
TN,1995,1882763.0
TX,1995,10800158.0
US,1995,88732046.0
UT,1995,635710.0
VA,1995,2146979.0
VT,1995,129962.0
WA,1995,1584581.0
WI,1995,1677031.0
WV,1995,731109.0
WY,1995,401562.0
AK,1996,709979.0
AL,1996,1935016.0
AR,1996,1025669.0
AZ,1996,1112722.0
CA,1996,6926290.0
CO,1996,1125733.0
CT,1996,807830.0
DC,1996,183930.0
DE,1996,271563.0
FL,1996,3677088.0
GA,1996,2726850.0
HI,1996,280503.0
IA,1996,1142304.0
ID,1996,400574.0
IL,1996,3969450.0
IN,1996,2700030.0
KS,1996,1109621.0
KY,1996,1737381.0
LA,1996,4227956.0
MA,1996,1443362.0
MD,1996,1348704.0
ME,1996,435907.0
MI,1996,3094114.0
MN,1996,1669382.0
MO,1996,1791633.0
MS,1996,1137369.0
MT,1996,345335.0
NC,1996,2400141.0
ND,1996,347336.0
NE,1996,634831.0
NH,1996,271947.0
NJ,1996,2456095.0
NM,1996,604479.0
NV,1996,535413.0
NY,1996,3735534.0
OH,1996,4164743.0
OK,1996,1424141.0
OR,1996,791719.0
PA,1996,3908529.0
RI,1996,220082.0
SC,1996,1445918.0
SD,1996,209718.0
TN,1996,1974588.0
TX,1996,11572187.0
US,1996,91474194.0
UT,1996,664944.0
VA,1996,2185166.0
VT,1996,135643.0
WA,1996,1580328.0
WI,1996,1736202.0
WV,1996,702811.0
WY,1996,412595.0
AK,1997,701267.0
AL,1997,1903449.0
AR,1997,1039783.0
AZ,1997,1125743.0
CA,1997,7063176.0
CO,1997,1119835.0
CT,1997,796695.0
DC,1997,180824.0
DE,1997,271024.0
FL,1997,3699302.0
GA,1997,2709444.0
HI,1997,270917.0
IA,1997,1129820.0
ID,1997,395691.0
IL,1997,3937179.0
IN,1997,2679932.0
KS,1997,1101084.0
KY,1997,1746301.0
LA,1997,4319442.0
MA,1997,1443663.0
MD,1997,1360692.0
ME,1997,418836.0
MI,1997,3094258.0
MN,1997,1638039.0
MO,1997,1789852.0
MS,1997,1138146.0
MT,1997,327595.0
NC,1997,2384048.0
ND,1997,353277.0
NE,1997,648029.0
NH,1997,272487.0
NJ,1997,2472747.0
NM,1997,643472.0
NV,1997,537352.0
NY,1997,3799956.0
OH,1997,4145594.0
OK,1997,1425632.0
OR,1997,796072.0
PA,1997,3878568.0
RI,1997,217849.0
SC,1997,1495020.0
SD,1997,204290.0
TN,1997,1960857.0
TX,1997,11972410.0
US,1997,92105715.0
UT,1997,678299.0
VA,1997,2186090.0
VT,1997,141458.0
WA,1997,1588049.0
WI,1997,1741271.0
WV,1997,702526.0
WY,1997,411936.0
AK,1998,715652.0
AL,1998,1946380.0
AR,1998,1061551.0
AZ,1998,1185968.0
CA,1998,7331105.0
CO,1998,1172701.0
CT,1998,783855.0
DC,1998,182578.0
DE,1998,271046.0
FL,1998,3850212.0
GA,1998,2744268.0
HI,1998,270821.0
IA,1998,1141438.0
ID,1998,415600.0
IL,1998,3852291.0
IN,1998,2670088.0
KS,1998,1088778.0
KY,1998,1705476.0
LA,1998,4040905.0
MA,1998,1418374.0
MD,1998,1367319.0
ME,1998,395645.0
MI,1998,3043942.0
MN,1998,1613948.0
MO,1998,1832896.0
MS,1998,1136123.0
MT,1998,351575.0
NC,1998,2433538.0
ND,1998,343412.0
NE,1998,664539.0
NH,1998,275386.0
NJ,1998,2451070.0
NM,1998,635425.0
NV,1998,554912.0
NY,1998,3738533.0
OH,1998,4065311.0
OK,1998,1426637.0
OR,1998,854246.0
PA,1998,3718943.0
RI,1998,226630.0
SC,1998,1538769.0
SD,1998,206384.0
TN,1998,2043128.0
TX,1998,12151583.0
US,1998,92614839.0
UT,1998,701774.0
VA,1998,2224990.0
VT,1998,131927.0
WA,1998,1687210.0
WI,1998,1734589.0
WV,1998,729892.0
WY,1998,418381.0
AK,1999,719766.0
AL,1999,2002228.0
AR,1999,1083254.0
AZ,1999,1235022.0
CA,1999,7365674.0
CO,1999,1191909.0
CT,1999,829664.0
DC,1999,185034.0
DE,1999,283315.0
FL,1999,3907612.0
GA,1999,2779826.0
HI,1999,267015.0
IA,1999,1188691.0
ID,1999,434818.0
IL,1999,4023131.0
IN,1999,2780767.0
KS,1999,1108236.0
KY,1999,1798735.0
LA,1999,4021156.0
MA,1999,1436226.0
MD,1999,1407012.0
ME,1999,408243.0
MI,1999,3209383.0
MN,1999,1682954.0
MO,1999,1875522.0
MS,1999,1229948.0
MT,1999,353885.0
NC,1999,2462256.0
ND,1999,370208.0
NE,1999,654753.0
NH,1999,286067.0
NJ,1999,2561343.0
NM,1999,639172.0
NV,1999,578338.0
NY,1999,3887014.0
OH,1999,4218414.0
OK,1999,1411593.0
OR,1999,861362.0
PA,1999,3761268.0
RI,1999,226772.0
SC,1999,1557091.0
SD,1999,212078.0
TN,1999,2103753.0
TX,1999,11778877.0
US,1999,94212808.0
UT,1999,693588.0
VA,1999,2286540.0
VT,1999,131361.0
WA,1999,1702632.0
WI,1999,1825284.0
WV,1999,713456.0
WY,1999,422871.0
AK,2000,735260.0
AL,2000,2065056.0
AR,2000,1124742.0
AZ,2000,1289942.0
CA,2000,7504612.0
CO,2000,1257656.0
CT,2000,841087.0
DC,2000,194839.0
DE,2000,303879.0
FL,2000,4067861.0
GA,2000,2901427.0
HI,2000,270704.0
IA,2000,1186019.0
ID,2000,466227.0
IL,2000,4028341.0
IN,2000,2863912.0
KS,2000,1116017.0
KY,2000,1787820.0
LA,2000,4327069.0
MA,2000,1523680.0
MD,2000,1443517.0
ME,2000,443007.0
MI,2000,3211610.0
MN,2000,1735761.0
MO,2000,1826062.0
MS,2000,1242230.0
MT,2000,372039.0
NC,2000,2587711.0
ND,2000,377163.0
NE,2000,658506.0
NH,2000,302941.0
NJ,2000,2477618.0
NM,2000,661807.0
NV,2000,603315.0
NY,2000,3966053.0
OH,2000,4259607.0
OK,2000,1471342.0
OR,2000,875026.0
PA,2000,3930803.0
RI,2000,205560.0
SC,2000,1604585.0
SD,2000,226359.0
TN,2000,2150751.0
TX,2000,12133169.0
US,2000,96686060.0
UT,2000,740298.0
VA,2000,2392470.0
VT,2000,143500.0
WA,2000,1702888.0
WI,2000,1861007.0
WV,2000,732445.0
WY,2000,425392.0
AK,2001,726418.0
AL,2001,1859587.0
AR,2001,1078834.0
AZ,2001,1302269.0
CA,2001,7610078.0
CO,2001,1358653.0
CT,2001,826501.0
DC,2001,190410.0
DE,2001,290543.0
FL,2001,4051572.0
GA,2001,2797716.0
HI,2001,267970.0
IA,2001,1157637.0
ID,2001,449829.0
IL,2001,3904632.0
IN,2001,2767007.0
KS,2001,1063512.0
KY,2001,1807989.0
LA,2001,3818697.0
MA,2001,1507350.0
MD,2001,1438122.0
ME,2001,412740.0
MI,2001,3092545.0
MN,2001,1706313.0
MO,2001,1856035.0
MS,2001,1132668.0
MT,2001,335079.0
NC,2001,2529858.0
ND,2001,404329.0
NE,2001,657462.0
NH,2001,301533.0
NJ,2001,2452615.0
NM,2001,660774.0
NV,2001,609458.0
NY,2001,3859806.0
OH,2001,3999662.0
OK,2001,1492091.0
OR,2001,843152.0
PA,2001,3841084.0
RI,2001,204139.0
SC,2001,1555221.0
SD,2001,231498.0
TN,2001,2158909.0
TX,2001,11927025.0
US,2001,94391208.0
UT,2001,710796.0
VA,2001,2322159.0
VT,2001,144411.0
WA,2001,1647875.0
WI,2001,1835152.0
WV,2001,726547.0
WY,2001,435687.0
AK,2002,723166.0
AL,2002,1920029.0
AR,2002,1095219.0
AZ,2002,1298175.0
CA,2002,7595049.0
CO,2002,1358529.0
CT,2002,811464.0
DC,2002,191595.0
DE,2002,304848.0
FL,2002,4161068.0
GA,2002,2912009.0
HI,2002,283505.0
IA,2002,1183045.0
ID,2002,432653.0
IL,2002,3919273.0
IN,2002,2853599.0
KS,2002,1096710.0
KY,2002,1959802.0
LA,2002,3952583.0
MA,2002,1518565.0
MD,2002,1514196.0
ME,2002,418306.0
MI,2002,3148731.0
MN,2002,1767476.0
MO,2002,1868202.0
MS,2002,1170397.0
MT,2002,347138.0
NC,2002,2545210.0
ND,2002,397570.0
NE,2002,669254.0
NH,2002,310926.0
NJ,2002,2479729.0
NM,2002,658663.0
NV,2002,603491.0
NY,2002,3854372.0
OH,2002,3939151.0
OK,2002,1446109.0
OR,2002,802635.0
PA,2002,3899649.0
RI,2002,203331.0
SC,2002,1593685.0
SD,2002,244625.0
TN,2002,2174381.0
TX,2002,12216726.0
US,2002,95582476.0
UT,2002,690668.0
VA,2002,2345733.0
VT,2002,143803.0
WA,2002,1439872.0
WI,2002,1869261.0
WV,2002,751113.0
WY,2002,436429.0
AK,2003,722838.0
AL,2003,1897040.0
AR,2003,1083763.0
AZ,2003,1319572.0
CA,2003,7454129.0
CO,2003,1360444.0
CT,2003,888123.0
DC,2003,188466.0
DE,2003,300832.0
FL,2003,4180999.0
GA,2003,2923139.0
HI,2003,299086.0
IA,2003,1179269.0
ID,2003,410104.0
IL,2003,3944694.0
IN,2003,2934671.0
KS,2003,1137937.0
KY,2003,1895859.0
LA,2003,3804200.0
MA,2003,1486093.0
MD,2003,1560860.0
ME,2003,414953.0
MI,2003,3187033.0
MN,2003,1843962.0
MO,2003,1879317.0
MS,2003,1201624.0
MT,2003,349542.0
NC,2003,2542759.0
ND,2003,396611.0
NE,2003,679281.0
NH,2003,320333.0
NJ,2003,2507742.0
NM,2003,659610.0
NV,2003,633191.0
NY,2003,3992726.0
OH,2003,4007179.0
OK,2003,1477033.0
OR,2003,790533.0
PA,2003,3943918.0
RI,2003,217784.0
SC,2003,1585456.0
SD,2003,249667.0
TN,2003,2165119.0
TX,2003,12006763.0
US,2003,95806580.0
UT,2003,701636.0
VA,2003,2414114.0
VT,2003,146619.0
WA,2003,1455598.0
WI,2003,1849371.0
WV,2003,705288.0
WY,2003,459188.0
AK,2004,765107.0
AL,2004,2017765.0
AR,2004,1069229.0
AZ,2004,1372363.0
CA,2004,7835668.0
CO,2004,1388345.0
CT,2004,903011.0
DC,2004,196183.0
DE,2004,287001.0
FL,2004,4334599.0
GA,2004,3065310.0
HI,2004,312623.0
IA,2004,1232893.0
ID,2004,442107.0
IL,2004,3992115.0
IN,2004,2927611.0
KS,2004,1119126.0
KY,2004,1971977.0
LA,2004,4005138.0
MA,2004,1485410.0
MD,2004,1544267.0
ME,2004,428475.0
MI,2004,3152951.0
MN,2004,1846595.0
MO,2004,1884851.0
MS,2004,1206056.0
MT,2004,371586.0
NC,2004,2626745.0
ND,2004,400176.0
NE,2004,691976.0
NH,2004,327923.0
NJ,2004,2551491.0
NM,2004,682293.0
NV,2004,667681.0
NY,2004,4094407.0
OH,2004,4039591.0
OK,2004,1455534.0
OR,2004,802333.0
PA,2004,3991628.0
RI,2004,215376.0
SC,2004,1697642.0
SD,2004,262850.0
TN,2004,2208080.0
TX,2004,12047529.0
US,2004,98044608.0
UT,2004,732464.0
VA,2004,2540898.0
VT,2004,155954.0
WA,2004,1506656.0
WI,2004,1872654.0
WV,2004,728468.0
WY,2004,448135.0
AK,2005,788012.0
AL,2005,2018912.0
AR,2005,1094815.0
AZ,2005,1411695.0
CA,2005,7741970.0
CO,2005,1419633.0
CT,2005,871777.0
DC,2005,196028.0
DE,2005,297787.0
FL,2005,4406875.0
GA,2005,3080403.0
HI,2005,322560.0
IA,2005,1259846.0
ID,2005,452949.0
IL,2005,4138872.0
IN,2005,2921512.0
KS,2005,1064258.0
KY,2005,1997945.0
LA,2005,3849720.0
MA,2005,1491401.0
MD,2005,1576776.0
ME,2005,429464.0
MI,2005,3203878.0
MN,2005,1851444.0
MO,2005,1974667.0
MS,2005,1173361.0
MT,2005,389848.0
NC,2005,2661860.0
ND,2005,405595.0
NE,2005,698718.0
NH,2005,320450.0
NJ,2005,2647662.0
NM,2005,681623.0
NV,2005,687650.0
NY,2005,3977272.0
OH,2005,4069541.0
OK,2005,1507364.0
OR,2005,833558.0
PA,2005,4022884.0
RI,2005,209035.0
SC,2005,1667434.0
SD,2005,283354.0
TN,2005,2272899.0
TX,2005,11505194.0
US,2005,98108764.0
UT,2005,757644.0
VA,2005,2616525.0
VT,2005,154552.0
WA,2005,1531850.0
WI,2005,1940762.0
WV,2005,731143.0
WY,2005,453595.0
AK,2006,738306.0
AL,2006,2050932.0
AR,2006,1103064.0
AZ,2006,1457800.0
CA,2006,7785762.0
CO,2006,1432297.0
CT,2006,816420.0
DC,2006,181712.0
DE,2006,285714.0
FL,2006,4460801.0
GA,2006,3067394.0
HI,2006,324507.0
IA,2006,1281045.0
ID,2006,447801.0
IL,2006,3988635.0
IN,2006,2856693.0
KS,2006,1089261.0
KY,2006,1992266.0
LA,2006,4021734.0
MA,2006,1417140.0
MD,2006,1460946.0
ME,2006,407733.0
MI,2006,3032895.0
MN,2006,1821508.0
MO,2006,1966264.0
MS,2006,1209261.0
MT,2006,405771.0
NC,2006,2619752.0
ND,2006,411170.0
NE,2006,714178.0
NH,2006,302739.0
NJ,2006,2531346.0
NM,2006,686722.0
NV,2006,719850.0
NY,2006,3687714.0
OH,2006,3911618.0
OK,2006,1553651.0
OR,2006,825499.0
PA,2006,3892981.0
RI,2006,199951.0
SC,2006,1683303.0
SD,2006,286489.0
TN,2006,2273635.0
TX,2006,11632230.0
US,2006,97231383.0
UT,2006,775083.0
VA,2006,2555818.0
VT,2006,151182.0
WA,2006,1573356.0
WI,2006,1849964.0
WV,2006,754206.0
WY,2006,474497.0
AK,2007,714615.0
AL,2007,2067485.0
AR,2007,1108782.0
AZ,2007,1466903.0
CA,2007,7923319.0
CO,2007,1463502.0
CT,2007,838749.0
DC,2007,189393.0
DE,2007,291538.0
FL,2007,4405230.0
GA,2007,3061401.0
HI,2007,334047.0
IA,2007,1354377.0
ID,2007,475593.0
IL,2007,4075892.0
IN,2007,2955502.0
KS,2007,1150829.0
KY,2007,2031787.0
LA,2007,4275672.0
MA,2007,1447013.0
MD,2007,1486507.0
ME,2007,429579.0
MI,2007,3013504.0
MN,2007,1869802.0
MO,2007,1977175.0
MS,2007,1223586.0
MT,2007,433895.0
NC,2007,2661571.0
ND,2007,432847.0
NE,2007,754246.0
NH,2007,305098.0
NJ,2007,2655233.0
NM,2007,708988.0
NV,2007,709143.0
NY,2007,3785871.0
OH,2007,4037709.0
OK,2007,1546213.0
OR,2007,848545.0
PA,2007,3949447.0
RI,2007,197786.0
SC,2007,1662874.0
SD,2007,308666.0
TN,2007,2303132.0
TX,2007,11711410.0
US,2007,98987749.0
UT,2007,778099.0
VA,2007,2616980.0
VT,2007,151660.0
WA,2007,1581440.0
WI,2007,1884986.0
WV,2007,784759.0
WY,2007,520180.0
AK,2008,642737.0
AL,2008,1976589.0
AR,2008,1082215.0
AZ,2008,1433406.0
CA,2008,7748640.0
CO,2008,1451814.0
CT,2008,770340.0
DC,2008,178021.0
DE,2008,288650.0
FL,2008,4250476.0
GA,2008,2926774.0
HI,2008,272843.0
IA,2008,1412115.0
ID,2008,468048.0
IL,2008,4070403.0
IN,2008,2912828.0
KS,2008,1108904.0
KY,2008,1993954.0
LA,2008,4215291.0
MA,2008,1421299.0
MD,2008,1443383.0
ME,2008,429493.0
MI,2008,2905605.0
MN,2008,1874372.0
MO,2008,1934242.0
MS,2008,1163638.0
MT,2008,419269.0
NC,2008,2671034.0
ND,2008,436772.0
NE,2008,792458.0
NH,2008,296396.0
NJ,2008,2581953.0
NM,2008,669937.0
NV,2008,674324.0
NY,2008,3691737.0
OH,2008,3987333.0
OK,2008,1550694.0
OR,2008,833313.0
PA,2008,3926058.0
RI,2008,194056.0
SC,2008,1631932.0
SD,2008,330909.0
TN,2008,2235386.0
TX,2008,11153070.0
US,2008,96657598.0
UT,2008,764169.0
VA,2008,2514658.0
VT,2008,140092.0
WA,2008,1566324.0
WI,2008,1874261.0
WV,2008,770619.0
WY,2008,533990.0
AK,2009,631141.0
AL,2009,1749863.0
AR,2009,1019337.0
AZ,2009,1351254.0
CA,2009,7429624.0
CO,2009,1430787.0
CT,2009,763039.0
DC,2009,180615.0
DE,2009,255701.0
FL,2009,4099568.0
GA,2009,2884852.0
HI,2009,272233.0
IA,2009,1398438.0
ID,2009,428088.0
IL,2009,3841146.0
IN,2009,2700448.0
KS,2009,1072050.0
KY,2009,1906534.0
LA,2009,4021054.0
MA,2009,1360232.0
MD,2009,1431461.0
ME,2009,389563.0
MI,2009,2679168.0
MN,2009,1742930.0
MO,2009,1830471.0
MS,2009,1110149.0
MT,2009,389891.0
NC,2009,2513686.0
ND,2009,424254.0
NE,2009,773922.0
NH,2009,292087.0
NJ,2009,2360786.0
NM,2009,637573.0
NV,2009,624799.0
NY,2009,3503947.0
OH,2009,3651766.0
OK,2009,1460984.0
OR,2009,802266.0
PA,2009,3608128.0
RI,2009,194769.0
SC,2009,1561124.0
SD,2009,330443.0
TN,2009,2010131.0
TX,2009,10745559.0
US,2009,91630574.0
UT,2009,736713.0
VA,2009,2396260.0
VT,2009,151042.0
WA,2009,1549202.0
WI,2009,1741700.0
WV,2009,697144.0
WY,2009,516461.0
AK,2010,629323.0
AL,2010,1906324.0
AR,2010,1108861.0
AZ,2010,1404430.0
CA,2010,7269474.0
CO,2010,1480944.0
CT,2010,767391.0
DC,2010,184241.0
DE,2010,263028.0
FL,2010,4306461.0
GA,2010,3117670.0
HI,2010,293799.0
IA,2010,1441943.0
ID,2010,455512.0
IL,2010,3957104.0
IN,2010,2831825.0
KS,2010,1090138.0
KY,2010,1984909.0
LA,2010,4111598.0
MA,2010,1417330.0
MD,2010,1462765.0
ME,2010,395546.0
MI,2010,2774343.0
MN,2010,1813361.0
MO,2010,1909924.0
MS,2010,1153321.0
MT,2010,373201.0
NC,2010,2716889.0
ND,2010,459000.0
NE,2010,858000.0
NH,2010,294182.0
NJ,2010,2277813.0
NM,2010,644615.0
NV,2010,669780.0
NY,2010,3690774.0
OH,2010,3774055.0
OK,2010,1542211.0
OR,2010,786172.0
PA,2010,3736071.0
RI,2010,195319.0
SC,2010,1652727.0
SD,2010,334485.0
TN,2010,2184446.0
TX,2010,11418060.0
US,2010,95129103.0
UT,2010,746590.0
VA,2010,2498119.0
VT,2010,150027.0
WA,2010,1543686.0
WI,2010,1783684.0
WV,2010,743395.0
WY,2010,530410.0
AK,2011,631768.0
AL,2011,1882660.0
AR,2011,1114972.0
AZ,2011,1430525.0
CA,2011,7186089.0
CO,2011,1426494.0
CT,2011,740235.0
DC,2011,174692.0
DE,2011,281046.0
FL,2011,4152538.0
GA,2011,2999215.0
HI,2011,297688.0
IA,2011,1441350.0
ID,2011,421540.0
IL,2011,3934122.0
IN,2011,2801444.0
KS,2011,1074483.0
KY,2011,1915801.0
LA,2011,4124451.0
MA,2011,1389041.0
MD,2011,1395912.0
ME,2011,393616.0
MI,2011,2810874.0
MN,2011,1792762.0
MO,2011,1854082.0
MS,2011,1126395.0
MT,2011,362401.0
NC,2011,2588774.0
ND,2011,505928.0
NE,2011,848376.0
NH,2011,291327.0
NJ,2011,2261325.0
NM,2011,661374.0
NV,2011,656117.0
NY,2011,3557476.0
OH,2011,3728725.0
OK,2011,1537902.0
OR,2011,757856.0
PA,2011,3727655.0
RI,2011,185462.0
SC,2011,1612538.0
SD,2011,319103.0
TN,2011,2115408.0
TX,2011,11623121.0
US,2011,93969435.0
UT,2011,780468.0
VA,2011,2378679.0
VT,2011,145839.0
WA,2011,1478475.0
WI,2011,1767437.0
WV,2011,729519.0
WY,2011,543253.0
AK,2012,620717.0
AL,2012,1863224.0
AR,2012,1064636.0
AZ,2012,1405648.0
CA,2012,7072294.0
CO,2012,1394248.0
CT,2012,726431.0
DC,2012,163794.0
DE,2012,279916.0
FL,2012,4053146.0
GA,2012,2817024.0
HI,2012,290679.0
IA,2012,1358008.0
ID,2012,427551.0
IL,2012,3803647.0
IN,2012,2714667.0
KS,2012,1036924.0
KY,2012,1881539.0
LA,2012,3995750.0
MA,2012,1349790.0
MD,2012,1358065.0
ME,2012,375922.0
MI,2012,2703263.0
MN,2012,1747882.0
MO,2012,1777037.0
MS,2012,1112775.0
MT,2012,357211.0
NC,2012,2499341.0
ND,2012,529650.0
NE,2012,837542.0
NH,2012,282660.0
NJ,2012,2154878.0
NM,2012,657153.0
NV,2012,650980.0
NY,2012,3412306.0
OH,2012,3580052.0
OK,2012,1515448.0
OR,2012,750369.0
PA,2012,3623830.0
RI,2012,183397.0
SC,2012,1565404.0
SD,2012,324068.0
TN,2012,2010247.0
TX,2012,11650027.0
US,2012,91664394.0
UT,2012,777194.0
VA,2012,2319180.0
VT,2012,126929.0
WA,2012,1486927.0
WI,2012,1710104.0
WV,2012,721739.0
WY,2012,539195.0
AK,2013,587689.0
AL,2013,1882183.0
AR,2013,1092194.0
AZ,2013,1422635.0
CA,2013,7141028.0
CO,2013,1420259.0
CT,2013,744609.0
DC,2013,166316.0
DE,2013,276655.0
FL,2013,4113052.0
GA,2013,2868107.0
HI,2013,293465.0
IA,2013,1430460.0
ID,2013,455268.0
IL,2013,3962061.0
IN,2013,2839736.0
KS,2013,1045632.0
KY,2013,1820409.0
LA,2013,3904336.0
MA,2013,1414648.0
MD,2013,1379305.0
ME,2013,390870.0
MI,2013,2843130.0
MN,2013,1821090.0
MO,2013,1837558.0
MS,2013,1089942.0
MT,2013,369323.0
NC,2013,2503234.0
ND,2013,570946.0
NE,2013,856122.0
NH,2013,299764.0
NJ,2013,2198547.0
NM,2013,660840.0
NV,2013,665141.0
NY,2013,3543324.0
OH,2013,3657072.0
OK,2013,1542829.0
OR,2013,784796.0
PA,2013,3832144.0
RI,2013,195484.0
SC,2013,1585737.0
SD,2013,347092.0
TN,2013,2041771.0
TX,2013,12388867.0
US,2013,94234417.0
UT,2013,815970.0
VA,2013,2390087.0
VT,2013,134383.0
WA,2013,1551849.0
WI,2013,1804267.0
WV,2013,740591.0
WY,2013,529026.0
AK,2014,585727.0
AL,2014,1930039.0
AR,2014,1108392.0
AZ,2014,1424922.0
CA,2014,7053028.0
CO,2014,1431962.0
CT,2014,748682.0
DC,2014,170057.0
DE,2014,276390.0
FL,2014,4158101.0
GA,2014,2940286.0
HI,2014,285390.0
IA,2014,1444090.0
ID,2014,444839.0
IL,2014,4038082.0
IN,2014,2881921.0
KS,2014,1076152.0
KY,2014,1761788.0
LA,2014,3922318.0
MA,2014,1420461.0
MD,2014,1390976.0
ME,2014,389665.0
MI,2014,2880439.0
MN,2014,1868616.0
MO,2014,1898451.0
MS,2014,1102348.0
MT,2014,364263.0
NC,2014,2557339.0
ND,2014,613985.0
NE,2014,859049.0
NH,2014,307962.0
NJ,2014,2212385.0
NM,2014,667442.0
NV,2014,667599.0
NY,2014,3651925.0
OH,2014,3761488.0
OK,2014,1604125.0
OR,2014,773334.0
PA,2014,3958079.0
RI,2014,202362.0
SC,2014,1630494.0
SD,2014,344542.0
TN,2014,2127364.0
TX,2014,12355966.0
US,2014,95322209.0
UT,2014,786800.0
VA,2014,2445751.0
VT,2014,137285.0
WA,2014,1530291.0
WI,2014,1852899.0
WV,2014,771980.0
WY,2014,524393.0
AK,2015,603471.0
AL,2015,1880980.0
AR,2015,1043382.0
AZ,2015,1443936.0
CA,2015,7136949.0
CO,2015,1439256.0
CT,2015,754318.0
DC,2015,169442.0
DE,2015,280223.0
FL,2015,4309044.0
GA,2015,2945148.0
HI,2015,288390.0
IA,2015,1404875.0
ID,2015,467796.0
IL,2015,3870603.0
IN,2015,2786382.0
KS,2015,1041248.0
KY,2015,1710943.0
LA,2015,3896246.0
MA,2015,1436590.0
MD,2015,1388315.0
ME,2015,399556.0
MI,2015,2792943.0
MN,2015,1745523.0
MO,2015,1812747.0
MS,2015,1085094.0
MT,2015,368124.0
NC,2015,2548314.0
ND,2015,583751.0
NE,2015,835564.0
NH,2015,310768.0
NJ,2015,2166983.0
NM,2015,667386.0
NV,2015,654144.0
NY,2015,3655768.0
OH,2015,3659083.0
OK,2015,1538143.0
OR,2015,782114.0
PA,2015,3873641.0
RI,2015,201687.0
SC,2015,1649793.0
SD,2015,344341.0
TN,2015,2098448.0
TX,2015,12469454.0
US,2015,94462877.0
UT,2015,789707.0
VA,2015,2407419.0
VT,2015,136341.0
WA,2015,1563625.0
WI,2015,1784733.0
WV,2015,758971.0
WY,2015,496831.0
AK,2016,582349.0
AL,2016,1895651.0
AR,2016,1036535.0
AZ,2016,1465473.0
CA,2016,7136403.0
CO,2016,1394462.0
CT,2016,721597.0
DC,2016,163726.0
DE,2016,276692.0
FL,2016,4344665.0
GA,2016,2910005.0
HI,2016,289064.0
IA,2016,1413694.0
ID,2016,463480.0
IL,2016,3874872.0
IN,2016,2733573.0
KS,2016,1018002.0
KY,2016,1684010.0
LA,2016,4011551.0
MA,2016,1388509.0
MD,2016,1346428.0
ME,2016,368409.0
MI,2016,2771665.0
MN,2016,1770116.0
MO,2016,1761978.0
MS,2016,1071655.0
MT,2016,368963.0
NC,2016,2561023.0
ND,2016,555107.0
NE,2016,846564.0
NH,2016,301534.0
NJ,2016,2125088.0
NM,2016,652846.0
NV,2016,676850.0
NY,2016,3578728.0
OH,2016,3610452.0
OK,2016,1512185.0
OR,2016,785750.0
PA,2016,3739051.0
RI,2016,183572.0
SC,2016,1646697.0
SD,2016,337367.0
TN,2016,2140236.0
TX,2016,12617682.0
US,2016,94072893.0
UT,2016,791464.0
VA,2016,2385837.0
VT,2016,130462.0
WA,2016,1636229.0
WI,2016,1765872.0
WV,2016,752461.0
WY,2016,492957.0
AK,2017,590557.0
AL,2017,1867860.0
AR,2017,1043618.0
AZ,2017,1465780.0
CA,2017,7145251.0
CO,2017,1398847.0
CT,2017,724034.0
DC,2017,155197.0
DE,2017,274259.0
FL,2017,4324444.0
GA,2017,2880666.0
HI,2017,295483.0
IA,2017,1450807.0
ID,2017,468777.0
IL,2017,3832517.0
IN,2017,2630940.0
KS,2017,985787.0
KY,2017,1631641.0
LA,2017,4180645.0
MA,2017,1386997.0
MD,2017,1297833.0
ME,2017,355026.0
MI,2017,2760178.0
MN,2017,1779751.0
MO,2017,1722939.0
MS,2017,1067882.0
MT,2017,381910.0
NC,2017,2507091.0
ND,2017,595110.0
NE,2017,838416.0
NH,2017,310340.0
NJ,2017,2071086.0
NM,2017,657837.0
NV,2017,699273.0
NY,2017,3559511.0
OH,2017,3556367.0
OK,2017,1514805.0
OR,2017,823286.0
PA,2017,3739767.0
RI,2017,180777.0
SC,2017,1637042.0
SD,2017,344438.0
TN,2017,2068053.0
TX,2017,12739711.0
US,2017,93892854.0
UT,2017,801129.0
VA,2017,2363063.0
VT,2017,129063.0
WA,2017,1635421.0
WI,2017,1782370.0
WV,2017,742075.0
WY,2017,522657.0
AK,2018,593777.0
AL,2018,1912733.0
AR,2018,1102555.0
AZ,2018,1477247.0
CA,2018,7292387.0
CO,2018,1447460.0
CT,2018,750341.0
DC,2018,162007.0
DE,2018,292745.0
FL,2018,4412536.0
GA,2018,2946672.0
HI,2018,294240.0
IA,2018,1520994.0
ID,2018,467171.0
IL,2018,3961761.0
IN,2018,2769007.0
KS,2018,1044236.0
KY,2018,1716399.0
LA,2018,4219960.0
MA,2018,1415642.0
MD,2018,1342823.0
ME,2018,356505.0
MI,2018,2873868.0
MN,2018,1857588.0
MO,2018,1836631.0
MS,2018,1104397.0
MT,2018,393240.0
NC,2018,2595129.0
ND,2018,624149.0
NE,2018,873966.0
NH,2018,318213.0
NJ,2018,2171789.0
NM,2018,667998.0
NV,2018,714668.0
NY,2018,3733207.0
OH,2018,3697336.0
OK,2018,1582673.0
OR,2018,819942.0
PA,2018,3901072.0
RI,2018,193934.0
SC,2018,1656463.0
SD,2018,353944.0
TN,2018,2143282.0
TX,2018,13539508.0
US,2018,97391985.0
UT,2018,821269.0
VA,2018,2454395.0
VT,2018,133191.0
WA,2018,1627018.0
WI,2018,1861689.0
WV,2018,818371.0
WY,2018,546375.0
AK,2019,595801.0
AL,2019,1883685.0
AR,2019,1077563.0
AZ,2019,1495891.0
CA,2019,7231426.0
CO,2019,1484292.0
CT,2019,729892.0
DC,2019,157329.0
DE,2019,291587.0
FL,2019,4338168.0
GA,2019,2903162.0
HI,2019,296556.0
IA,2019,1503136.0
ID,2019,485120.0
IL,2019,3887683.0
IN,2019,2732665.0
KS,2019,1031443.0
KY,2019,1683555.0
LA,2019,4257243.0
MA,2019,1414088.0
MD,2019,1311993.0
ME,2019,350692.0
MI,2019,2840026.0
MN,2019,1822664.0
MO,2019,1772045.0
MS,2019,1092194.0
MT,2019,405678.0
NC,2019,2566245.0
ND,2019,641160.0
NE,2019,866742.0
NH,2019,312436.0
NJ,2019,2074884.0
NM,2019,702099.0
NV,2019,715008.0
NY,2019,3630879.0
OH,2019,3578240.0
OK,2019,1541326.0
OR,2019,850720.0
PA,2019,3794359.0
RI,2019,187842.0
SC,2019,1621169.0
SD,2019,351091.0
TN,2019,2093393.0
TX,2019,13722915.0
US,2019,96564778.0
UT,2019,833570.0
VA,2019,2422690.0
VT,2019,132716.0
WA,2019,1702185.0
WI,2019,1812444.0
WV,2019,817732.0
WY,2019,534214.0
AK,2020,626207.0
AL,2020,1795668.0
AR,2020,1012312.0
AZ,2020,1439270.0
CA,2020,6432232.0
CO,2020,1346989.0
CT,2020,664819.0
DC,2020,132167.0
DE,2020,263799.0
FL,2020,3954655.0
GA,2020,2656941.0
HI,2020,219357.0
IA,2020,1349801.0
ID,2020,462867.0
IL,2020,3549235.0
IN,2020,2502122.0
KS,2020,970610.0
KY,2020,1542617.0
LA,2020,4178183.0
MA,2020,1218298.0
MD,2020,1164157.0
ME,2020,323501.0
MI,2020,2561344.0
MN,2020,1640945.0
MO,2020,1654294.0
MS,2020,1035679.0
MT,2020,371144.0
NC,2020,2363742.0
ND,2020,619246.0
NE,2020,813101.0
NH,2020,285472.0
NJ,2020,1862114.0
NM,2020,655082.0
NV,2020,643507.0
NY,2020,3141560.0
OH,2020,3350439.0
OK,2020,1443997.0
OR,2020,782885.0
PA,2020,3389382.0
RI,2020,172609.0
SC,2020,1507922.0
SD,2020,338987.0
TN,2020,1940366.0
TX,2020,12981013.0
US,2020,88857658.0
UT,2020,803893.0
VA,2020,2239523.0
VT,2020,112635.0
WA,2020,1419318.0
WI,2020,1660283.0
WV,2020,786352.0
WY,2020,483752.0
AK,2021,684975.0
AL,2021,1927858.0
AR,2021,1057206.0
AZ,2021,1482635.0
CA,2021,6778725.0
CO,2021,1386460.0
CT,2021,698947.0
DC,2021,139881.0
DE,2021,281104.0
FL,2021,4256909.0
GA,2021,2763082.0
HI,2021,255846.0
IA,2021,1385940.0
ID,2021,490373.0
IL,2021,3636248.0
IN,2021,2649708.0
KS,2021,968269.0
KY,2021,1646871.0
LA,2021,4257173.0
MA,2021,1281157.0
MD,2021,1220595.0
ME,2021,332964.0
MI,2021,2659383.0
MN,2021,1722694.0
MO,2021,1696141.0
MS,2021,1081477.0
MT,2021,379133.0
NC,2021,2519796.0
ND,2021,653347.0
NE,2021,843971.0
NH,2021,292720.0
NJ,2021,1965465.0
NM,2021,680597.0
NV,2021,687606.0
NY,2021,3344919.0
OH,2021,3491975.0
OK,2021,1490656.0
OR,2021,831873.0
PA,2021,3615526.0
RI,2021,183459.0
SC,2021,1604086.0
SD,2021,348360.0
TN,2021,2100903.0
TX,2021,13720661.0
US,2021,93350300.0
UT,2021,822925.0
VA,2021,2388988.0
VT,2021,115518.0
WA,2021,1525644.0
WI,2021,1721207.0
WV,2021,835873.0
WY,2021,481123.0
AK,2022,730277.0
AL,2022,1904247.0
AR,2022,1058036.0
AZ,2022,1512022.0
CA,2022,6855767.0
CO,2022,1427520.0
CT,2022,717542.0
DC,2022,141151.0
DE,2022,275185.0
FL,2022,4334307.0
GA,2022,2842621.0
HI,2022,270303.0
IA,2022,1426881.0
ID,2022,512667.0
IL,2022,3676428.0
IN,2022,2622566.0
KS,2022,1002713.0
KY,2022,1671827.0
LA,2022,4272592.0
MA,2022,1323388.0
MD,2022,1207626.0
ME,2022,327804.0
MI,2022,2712402.0
MN,2022,1756496.0
MO,2022,1729607.0
MS,2022,1098269.0
MT,2022,388515.0
NC,2022,2578739.0
ND,2022,675385.0
NE,2022,848127.0
NH,2022,297703.0
NJ,2022,2024328.0
NM,2022,683757.0
NV,2022,706539.0
NY,2022,3455050.0
OH,2022,3515032.0
OK,2022,1519985.0
OR,2022,843766.0
PA,2022,3738924.0
RI,2022,188272.0
SC,2022,1628035.0
SD,2022,353862.0
TN,2022,2106213.0
TX,2022,13829881.0
US,2022,94831564.0
UT,2022,851390.0
VA,2022,2449868.0
VT,2022,116167.0
WA,2022,1566242.0
WI,2022,1762186.0
WV,2022,829676.0
WY,2022,494020.0
AK,2023,746978.0
AL,2023,1860171.0
AR,2023,1049897.0
AZ,2023,1526567.0
CA,2023,6816746.0
CO,2023,1368260.0
CT,2023,688978.0
DC,2023,135231.0
DE,2023,268494.0
FL,2023,4301743.0
GA,2023,2838817.0
HI,2023,272874.0
IA,2023,1405284.0
ID,2023,505344.0
IL,2023,3486989.0
IN,2023,2555897.0
KS,2023,973356.0
KY,2023,1611130.0
LA,2023,4166787.0
MA,2023,1282732.0
MD,2023,1182581.0
ME,2023,328596.0
MI,2023,2543241.0
MN,2023,1689356.0
MO,2023,1681954.0
MS,2023,1074319.0
MT,2023,382218.0
NC,2023,2472784.0
ND,2023,703926.0
NE,2023,840136.0
NH,2023,294907.0
NJ,2023,1982296.0
NM,2023,680489.0
NV,2023,689433.0
NY,2023,3436991.0
OH,2023,3381273.0
OK,2023,1519146.0
OR,2023,875020.0
PA,2023,3607506.0
RI,2023,182950.0
SC,2023,1603946.0
SD,2023,347163.0
TN,2023,2058049.0
TX,2023,14137451.0
US,2023,93557489.0
UT,2023,853951.0
VA,2023,2435265.0
VT,2023,113104.0
WA,2023,1602662.0
WI,2023,1656177.0
WV,2023,832806.0
WY,2023,499766.0
